id,name,birth_year,death_year,birth_place_raw,country,region,period,wikidata,lifespan
jorge_jinkis,Jorge Jinkis,1943.0,,Argentina,Argentina,Latin America,World Wars Era,,
friedrich_nietzsche,Friedrich Nietzsche,1844.0,1900.0,Prusia (actual Alemania),Germany,Western Europe,Revolutionary Era,http://www.wikidata.org/entity/Q9358,56.0
samuel_beckett,Samuel Beckett,1906.0,1989.0,Irlanda,Ireland,Western Europe,Long 19th Century,http://www.wikidata.org/entity/Q37327,83.0
leopoldo_lugones,Leopoldo Lugones,1874.0,1938.0,Argentina,Argentina,Latin America,Long 19th Century,http://www.wikidata.org/entity/Q188875,64.0
paul_valery,Ambroise Valéry,1871.0,1945.0,Francia,France,Western Europe,Long 19th Century,http://www.wikidata.org/entity/Q200639,74.0
eduardo_gruner,Eduardo Grüner,1946.0,,Argentina,Argentina,Latin America,Contemporary,http://www.wikidata.org/entity/Q56582734,
maurice_blanchot,Maurice Blanchot,1907.0,2003.0,Francia,France,Western Europe,Long 19th Century,http://www.wikidata.org/entity/Q315210,96.0
kafka,Franz Kafka,1883.0,1924.0,"Praga, Imperio Austrohúngaro",Czech Republic,Eastern Europe,Long 19th Century,http://www.wikidata.org/entity/Q905,41.0
james_joyce,James Joyce,1882.0,1941.0,Irlanda,Ireland,Western Europe,Long 19th Century,http://www.wikidata.org/entity/Q6882,59.0
louis_ferdinand_celine,Louis-Ferdinand Céline,1894.0,1961.0,Francia,France,Western Europe,Long 19th Century,http://www.wikidata.org/entity/Q151820,67.0
william_faulkner,William Faulkner,1897.0,1962.0,Estados Unidos,United States,North America,Long 19th Century,http://www.wikidata.org/entity/Q38392,65.0
borges,Jorge Borges,1899.0,1986.0,Argentina,Argentina,Latin America,Long 19th Century,http://www.wikidata.org/entity/Q909,87.0
oscar_masotta,Óscar Masotta,1930.0,1979.0,Argentina,Argentina,Latin America,World Wars Era,http://www.wikidata.org/entity/Q7106131,49.0
luis_gusman,Luis Gusmán,1944.0,,Argentina,Argentina,Latin America,World Wars Era,http://www.wikidata.org/entity/Q5679615,
mallarme,Stéphane Mallarmé,1842.0,1898.0,Francia,France,Western Europe,Revolutionary Era,http://www.wikidata.org/entity/Q767,56.0
andre_gide,André Gide,1869.0,1951.0,Francia,France,Western Europe,Long 19th Century,http://www.wikidata.org/entity/Q47484,82.0
spinoza,Baruch Spinoza,1632.0,1677.0,República de los Países Bajos,Netherlands,Western Europe,Early Modern,http://www.wikidata.org/entity/Q35802,45.0
platon,Platón,-428.0,-348.0,Grecia Antigua,Greece,Southern Europe / Classical,Classical Antiquity,http://www.wikidata.org/entity/Q859,80.0
homero,Homero,-750.0,-700.0,Grecia Antigua,Greece,Southern Europe / Classical,Antiquity (Archaic),http://www.wikidata.org/entity/Q6691,50.0
thomas_carlyle,Thomas Carlyle,1795.0,1881.0,Escocia,Escocia,Other/Unknown,Revolutionary Era,http://www.wikidata.org/entity/Q151403,86.0
schleiermacher,Friedrich Schleiermacher,1768.0,1834.0,Prusia (actual Polonia),Germany,Western Europe,Early Modern,http://www.wikidata.org/entity/Q76576,66.0
kant,Immanuel Kant,1724.0,1804.0,Prusia (actual Rusia),Germany,Western Europe,Early Modern,http://www.wikidata.org/entity/Q9312,80.0
rabelais,François Rabelais,1494.0,1553.0,Francia,France,Western Europe,Renaissance,http://www.wikidata.org/entity/Q131018,59.0
soren_kierkegaard,Søren Kierkegaard,1813.0,1855.0,Dinamarca,Denmark,Scandinavia,Revolutionary Era,http://www.wikidata.org/entity/Q6512,42.0
bajtin,Mijaíl Bajtín,1895.0,1975.0,"Oriol, Imperio Ruso","Oriol, Imperio Ruso",Other/Unknown,Long 19th Century,http://www.wikidata.org/entity/Q185375,80.0
da_vinci,Leonardo Vinci,1452.0,1519.0,República de Florencia (actual Italia),Italy,Western Europe,Renaissance,http://www.wikidata.org/entity/Q762,67.0
arcimboldo,Giuseppe Arcimboldo,1526.0,1593.0,Ducado de Milán (actual Italia),Italy,Western Europe,Renaissance,http://www.wikidata.org/entity/Q7751,67.0
lacan,Jacques Lacan,1901.0,1981.0,Francia,France,Western Europe,Long 19th Century,http://www.wikidata.org/entity/Q169906,80.0
ernst_curtius,Ernst Curtius,1814.0,1896.0,Confederación Germánica (actual Alemania),Germany,Western Europe,Revolutionary Era,http://www.wikidata.org/entity/Q61407,82.0
baudelaire,Charles Baudelaire,1821.0,1867.0,Francia,France,Western Europe,Revolutionary Era,http://www.wikidata.org/entity/Q501,46.0
martin_heidegger,Martin Heidegger,1889.0,1976.0,Imperio alemán (actual Alemania),Germany,Western Europe,Long 19th Century,http://www.wikidata.org/entity/Q48301,87.0
michel_foucault,Michel Foucault,1926.0,1984.0,Francia,France,Western Europe,World Wars Era,http://www.wikidata.org/entity/Q44272,58.0
spitzer,Leo Spitzer,1887.0,1960.0,Imperio Austrohúngaro (actual Austria),Austria,Western Europe,Long 19th Century,http://www.wikidata.org/entity/Q78739,73.0
harold_bloom,Harold Bloom,1930.0,2019.0,Estados Unidos,United States,North America,World Wars Era,http://www.wikidata.org/entity/Q345612,89.0
edgar_allan_poe,Edgar Poe,1809.0,1849.0,Estados Unidos,United States,North America,Revolutionary Era,http://www.wikidata.org/entity/Q16867,40.0
todorov,Tzvetan Todorov,1939.0,2017.0,Bulgaria,Bulgaria,Other/Unknown,World Wars Era,http://www.wikidata.org/entity/Q313852,78.0
georges_bataille,Georges Bataille,1897.0,1962.0,Francia,France,Western Europe,Long 19th Century,http://www.wikidata.org/entity/Q207359,65.0
miguel_d_ors,Miguel d'Ors,1946.0,,España,Spain,Western Europe,Contemporary,http://www.wikidata.org/entity/Q6015319,
michel_leiris,Michel Leiris,1901.0,1990.0,Francia,France,Western Europe,Long 19th Century,http://www.wikidata.org/entity/Q462591,89.0
duras,Marguerite Duras,1914.0,1996.0,Indochina Francesa (actual Vietnam),France,Western Europe,World Wars Era,http://www.wikidata.org/entity/Q153248,82.0
louis_althusser,Louis Althusser,1918.0,1990.0,Argelia Francesa,France,Western Europe,World Wars Era,http://www.wikidata.org/entity/Q184169,72.0
gilles_deleuze,Gilles Deleuze,1925.0,1995.0,"París, Francia",France,Western Europe,World Wars Era,http://www.wikidata.org/entity/Q184226,70.0
jean_luc_godard,Jean-Luc Godard,1930.0,2022.0,Francia,France,Western Europe,World Wars Era,http://www.wikidata.org/entity/Q53001,92.0
ana_barrenechea,Ana Barrenechea,1913.0,2007.0,Argentina,Argentina,Latin America,Long 19th Century,,94.0
roland_barthes,Roland Barthes,1915.0,1980.0,Francia,France,Western Europe,World Wars Era,http://www.wikidata.org/entity/Q179109,65.0
witold_gombrowicz,Witold Gombrowicz,1904.0,1969.0,Polonia (Imperio Ruso),Poland,Eastern Europe,Long 19th Century,http://www.wikidata.org/entity/Q275175,65.0
ernesto_sabato,Ernesto Sabato,1911.0,2011.0,Argentina,Argentina,Latin America,Long 19th Century,http://www.wikidata.org/entity/Q186630,100.0
freud,Sigmund Freud,1856.0,1939.0,Imperio Austríaco (actual República Checa),Imperio Austríaco,Other/Unknown,Long 19th Century,http://www.wikidata.org/entity/Q9215,83.0
luis_thonis,Luis Thonis,1949.0,,Argentina,Argentina,Latin America,Contemporary,,
felisberto_hernandez,Felisberto Hernández,1902.0,1964.0,Uruguay,Uruguay,Latin America,Long 19th Century,http://www.wikidata.org/entity/Q714097,62.0
henri_bergson,Henri Bergson,1859.0,1941.0,Francia,France,Western Europe,Long 19th Century,http://www.wikidata.org/entity/Q42156,82.0
macedonio_fernandez,Macedonio Fernández,1874.0,1952.0,Argentina,Argentina,Latin America,Long 19th Century,http://www.wikidata.org/entity/Q1334326,78.0
zaratustra,Zaratustra,-628.0,-551.0,Imperio Medo (actual Irán),Imperio Medo,Other/Unknown,Antiquity (Archaic),http://www.wikidata.org/entity/Q35811,77.0
emile_zola,Émile Zola,1840.0,1902.0,Francia,France,Western Europe,Revolutionary Era,http://www.wikidata.org/entity/Q504,62.0
ramon_alcalde,Ramón Alcalde,1951.0,2021.0,Argentina,Argentina,Latin America,Contemporary,http://www.wikidata.org/entity/Q75653349,70.0
maupassant,Guy Maupassant,1850.0,1893.0,Francia,France,Western Europe,Long 19th Century,http://www.wikidata.org/entity/Q9327,43.0
shakespeare,William Shakespeare,1564.0,1616.0,Inglaterra,United Kingdom,Western Europe,Renaissance,http://www.wikidata.org/entity/Q692,52.0
balzac,Honoré Balzac,1799.0,1850.0,Francia,France,Western Europe,Revolutionary Era,http://www.wikidata.org/entity/Q9711,51.0
gustave_flaubert,Gustave Flaubert,1821.0,1880.0,Francia,France,Western Europe,Revolutionary Era,http://www.wikidata.org/entity/Q43444,59.0
charles_dickens,Charles Dickens,1812.0,1870.0,Inglaterra,United Kingdom,Western Europe,Revolutionary Era,http://www.wikidata.org/entity/Q5686,58.0
victor_hugo,Victor Hugo,1802.0,1885.0,Francia,France,Western Europe,Revolutionary Era,http://www.wikidata.org/entity/Q535,83.0
jean_martin_charcot,Jean-Martin Charcot,1825.0,1893.0,Francia,France,Western Europe,Revolutionary Era,http://www.wikidata.org/entity/Q20710,68.0
karl_marx,Karl Marx,1818.0,1883.0,Prusia (actual Alemania),Germany,Western Europe,Revolutionary Era,http://www.wikidata.org/entity/Q9061,65.0
ruben_dario,Rubén Darío,1867.0,1916.0,Nicaragua,Nicaragua,Other/Unknown,Long 19th Century,http://www.wikidata.org/entity/Q173767,49.0
dante_alighieri,Dante Alighieri,1265.0,1321.0,República de Florencia (actual Italia),Italy,Western Europe,Medieval,http://www.wikidata.org/entity/Q1067,56.0
fiodor_dostoyevski,Fiódor Dostoyevski,1821.0,1881.0,"Moscú, Imperio Ruso","Moscú, Imperio Ruso",Other/Unknown,Revolutionary Era,http://www.wikidata.org/entity/Q991,60.0
san_agustin,de Hipona Agustín,354.0,430.0,Imperio Romano (actual Argelia),Imperio Romano,Other/Unknown,Hellenistic/Roman,http://www.wikidata.org/entity/Q8018,76.0
melville,Herman Melville,1819.0,1891.0,Estados Unidos,United States,North America,Revolutionary Era,http://www.wikidata.org/entity/Q4985,72.0
luis_chitarroni,Luis Chitarroni,1958.0,2023.0,Argentina,Argentina,Latin America,Contemporary,http://www.wikidata.org/entity/Q112121650,65.0
severo_sarduy,Severo Sarduy,1937.0,1993.0,Cuba,Cuba,Latin America,World Wars Era,http://www.wikidata.org/entity/Q528804,56.0
esteban_echeverria,Esteban Echeverría,1805.0,1851.0,Virreinato del Río de la Plata,Virreinato del Río de la Plata,Other/Unknown,Revolutionary Era,http://www.wikidata.org/entity/Q188859,46.0
enrique_pezzoni,Enrique Pezzoni,1926.0,1989.0,Argentina,Argentina,Latin America,World Wars Era,http://www.wikidata.org/entity/Q10934058,63.0
sylvia_molloy,Sylvia Molloy,1938.0,2022.0,Argentina,Argentina,Latin America,World Wars Era,http://www.wikidata.org/entity/Q42904745,84.0
octavio_paz,Octavio Paz,1914.0,1998.0,México,Mexico,Latin America,World Wars Era,http://www.wikidata.org/entity/Q46739,84.0
lezama_lima,José Lezama Lima,1910.0,1976.0,Cuba,Cuba,Latin America,Long 19th Century,http://www.wikidata.org/entity/Q366949,66.0
george_steiner,George Steiner,1929.0,2020.0,Francia,France,Western Europe,World Wars Era,http://www.wikidata.org/entity/Q453288,91.0
cervantes,Miguel Cervantes,1547.0,1616.0,España,Spain,Western Europe,Renaissance,http://www.wikidata.org/entity/Q5682,69.0
goethe,Johann Goethe,1749.0,1832.0,Sacro Imperio Romano Germánico (actual Alemania),Germany,Western Europe,Early Modern,http://www.wikidata.org/entity/Q5879,83.0
holderlin,Johann Hölderlin,1770.0,1843.0,Ducado de Wurtemberg (actual Alemania),Germany,Western Europe,Early Modern,http://www.wikidata.org/entity/Q75889,73.0
walter_benjamin,Walter Benjamin,1892.0,1940.0,Imperio alemán (actual Alemania),Germany,Western Europe,Long 19th Century,http://www.wikidata.org/entity/Q61078,48.0
ricardo_zelarayan,Ricardo Zelarayán,1940.0,2010.0,Argentina,Argentina,Latin America,World Wars Era,http://www.wikidata.org/entity/Q6108561,70.0
osvaldo_lamborghini,Osvaldo Lamborghini,1940.0,1985.0,Argentina,Argentina,Latin America,World Wars Era,http://www.wikidata.org/entity/Q2036284,45.0
jean_paul_sartre,Jean-Paul Sartre,1905.0,1980.0,Francia,France,Western Europe,Long 19th Century,http://www.wikidata.org/entity/Q9364,75.0
gerard_genette,Gérard Genette,1930.0,2018.0,Francia,France,Western Europe,World Wars Era,http://www.wikidata.org/entity/Q266247,88.0
alfredo_palacios,Alfredo Palacios,1878.0,1965.0,Buenos Aires,Buenos Aires,Other/Unknown,Long 19th Century,http://www.wikidata.org/entity/Q2880118,87.0
juan_domingo_peron,Juan Domingo Perón,1895.0,1974.0,"Lobos, Argentina",Argentina,Latin America,Long 19th Century,http://www.wikidata.org/entity/Q93330,79.0
martinez_estrada,Ezequiel Martínez Estrada,1895.0,1964.0,"San José de la Esquina, Argentina",Argentina,Latin America,Long 19th Century,http://www.wikidata.org/entity/Q464737,69.0
ricardo_piglia,Ricardo Piglia,1940.0,2017.0,"Adrogué, Argentina",Argentina,Latin America,World Wars Era,http://www.wikidata.org/entity/Q583814,77.0
roberto_arlt,Roberto Arlt,1900.0,1942.0,"Buenos Aires, Argentina",Argentina,Latin America,Long 19th Century,http://www.wikidata.org/entity/Q188838,42.0
jose_hernandez,José Hernández,1834.0,1886.0,"Chacras de Perdriel, Argentina",Argentina,Latin America,Revolutionary Era,http://www.wikidata.org/entity/Q377623,52.0
sarmiento,Domingo Faustino Sarmiento,1811.0,1888.0,"San Juan, Argentina",Argentina,Latin America,Revolutionary Era,http://www.wikidata.org/entity/Q254041,77.0
manuel_puig,Manuel Puig,1932.0,1990.0,"General Villegas, Argentina",Argentina,Latin America,World Wars Era,http://www.wikidata.org/entity/Q284560,58.0
franz_schubert,Franz Schubert,1797.0,1828.0,"Viena, Austria",Austria,Western Europe,Revolutionary Era,http://www.wikidata.org/entity/Q7312,31.0
david_vinias,David Viñas,1927.0,2011.0,"Buenos Aires, Argentina",Argentina,Latin America,World Wars Era,http://www.wikidata.org/entity/Q965392,84.0
jose_marmol,José Mármol,1817.0,1871.0,"Buenos Aires, Argentina",Argentina,Latin America,Revolutionary Era,http://www.wikidata.org/entity/Q1709528,54.0
juan_jose_sebreli,Juan José Sebreli,1930.0,2024.0,"Buenos Aires, Argentina",Argentina,Latin America,World Wars Era,http://www.wikidata.org/entity/Q5950521,94.0
juan_manuel_rosas,Juan Manuel de Rosas,1793.0,1877.0,"Buenos Aires, Argentina",Argentina,Latin America,Revolutionary Era,http://www.wikidata.org/entity/Q311436,84.0
lord_byron,George Gordon Byron,1788.0,1824.0,"Londres, Inglaterra",United Kingdom,Western Europe,Early Modern,http://www.wikidata.org/entity/Q5679,36.0
juan_bautista_alberdi,Juan Bautista Alberdi,1810.0,1884.0,"San Miguel de Tucumán, Argentina",Argentina,Latin America,Revolutionary Era,http://www.wikidata.org/entity/Q722738,74.0
hegel,Georg Wilhelm Friedrich Hegel,1770.0,1831.0,"Stuttgart, Alemania",Germany,Western Europe,Early Modern,http://www.wikidata.org/entity/Q9235,61.0
levi_strauss,Claude Lévi-Strauss,1908.0,2009.0,"Bruselas, Bélgica",Belgium,Western Europe,Long 19th Century,http://www.wikidata.org/entity/Q128126,101.0
jose_luis_romero,José Luis Romero,1909.0,1977.0,"Buenos Aires, Argentina",Argentina,Latin America,Long 19th Century,http://www.wikidata.org/entity/Q9014133,68.0
philippe_aries,Philippe Ariès,1914.0,1984.0,"Blois, Francia",France,Western Europe,World Wars Era,http://www.wikidata.org/entity/Q434571,70.0
arturo_frondizi,Arturo Frondizi,1908.0,1995.0,"Paso de los Libres, Argentina",Argentina,Latin America,Long 19th Century,http://www.wikidata.org/entity/Q346658,87.0
raul_alfonsin,Raúl Alfonsín,1927.0,2009.0,"Chascomús, Argentina",Argentina,Latin America,World Wars Era,http://www.wikidata.org/entity/Q193062,82.0
hector_campora,Héctor Cámpora,1909.0,1980.0,"Mercedes, Argentina",Argentina,Latin America,Long 19th Century,http://www.wikidata.org/entity/Q356751,71.0
carl_jung,Carl Gustav Jung,1875.0,1961.0,"Kesswil, Suiza",Switzerland,Western Europe,Long 19th Century,http://www.wikidata.org/entity/Q41532,86.0
rimbaud,Arthur Rimbaud,1854.0,1891.0,"Charleville, Francia",France,Western Europe,Long 19th Century,http://www.wikidata.org/entity/Q493,37.0
oscar_wilde,Oscar Wilde,1854.0,1900.0,"Dublín, Irlanda",Ireland,Western Europe,Long 19th Century,http://www.wikidata.org/entity/Q30875,46.0
hector_murena,Héctor Murena,1923.0,1975.0,"Buenos Aires, Argentina",Argentina,Latin America,World Wars Era,http://www.wikidata.org/entity/Q1642834,52.0
gongora,Luis de Góngora y Argote,1561.0,1627.0,"Córdoba, España",Spain,Western Europe,Renaissance,http://www.wikidata.org/entity/Q219744,66.0
raul_scalabrini_ortiz,Raúl Scalabrini Ortiz,1898.0,1959.0,"Corrientes, Argentina",Argentina,Latin America,Long 19th Century,http://www.wikidata.org/entity/Q4263301,61.0
italo_calvino,Italo Calvino,1923.0,1985.0,"Santiago de las Vegas, Cuba",Cuba,Latin America,World Wars Era,http://www.wikidata.org/entity/Q154756,62.0
guillermo_hudson,William Henry Hudson,1841.0,1922.0,"Quilmes, Argentina",Argentina,Latin America,Revolutionary Era,http://www.wikidata.org/entity/Q255470,81.0
chesterton,Gilbert Keith Chesterton,1874.0,1936.0,"Kensington, Reino Unido",United Kingdom,Western Europe,Long 19th Century,http://www.wikidata.org/entity/Q183167,62.0
de_quincey,Thomas De Quincey,1785.0,1859.0,"Mánchester, Reino Unido",United Kingdom,Western Europe,Early Modern,http://www.wikidata.org/entity/Q317160,74.0
canal_feijoo,Bernardo Canal Feijóo,1897.0,1982.0,"Santiago del Estero, Argentina",Argentina,Latin America,Long 19th Century,http://www.wikidata.org/entity/Q16489661,85.0
jean_starobinski,Jean Starobinski,1920.0,2019.0,"Ginebra, Suiza",Switzerland,Western Europe,World Wars Era,http://www.wikidata.org/entity/Q123507,99.0
jorge_monteleone,Jorge Monteleone,1957.0,,"Buenos Aires, Argentina",Argentina,Latin America,Contemporary,,
tinianov,Yuri Tiniánov,1894.0,1943.0,"Rezekne, Letonia","Rezekne, Letonia",Other/Unknown,Long 19th Century,http://www.wikidata.org/entity/Q368455,49.0
santiago_dabove,Santiago Dabove,1889.0,1951.0,"Morón, Argentina",Argentina,Latin America,Long 19th Century,http://www.wikidata.org/entity/Q7420248,62.0
virgilio,Publio Virgilio,-70.0,-19.0,"Andes, República Romana","Andes, República Romana",Other/Unknown,Hellenistic/Roman,http://www.wikidata.org/entity/Q1398,51.0
northrop_frye,Northrop Frye,1912.0,1991.0,"Sherbrooke, Canadá","Sherbrooke, Canadá",Other/Unknown,Long 19th Century,http://www.wikidata.org/entity/Q354256,79.0
charles_olson,Charles Olson,1910.0,1970.0,"Worcester, Estados Unidos",United States,North America,Long 19th Century,http://www.wikidata.org/entity/Q922978,60.0
umberto_eco,Umberto Eco,1932.0,2016.0,"Alessandria, Italia",Italy,Western Europe,World Wars Era,http://www.wikidata.org/entity/Q12807,84.0
vladimir_propp,Vladimir Propp,1895.0,1970.0,"San Petersburgo, Imperio Ruso","San Petersburgo, Imperio Ruso",Other/Unknown,Long 19th Century,http://www.wikidata.org/entity/Q313455,75.0
viktor_shklovski,Víktor Shklovski,1893.0,1984.0,"San Petersburgo, Imperio Ruso","San Petersburgo, Imperio Ruso",Other/Unknown,Long 19th Century,http://www.wikidata.org/entity/Q312467,91.0
andre_malraux,André Malraux,1901.0,1976.0,"París, Francia",France,Western Europe,Long 19th Century,http://www.wikidata.org/entity/Q151164,75.0
henry_de_montherlant,Henry de Montherlant,1895.0,1972.0,"París, Francia",France,Western Europe,Long 19th Century,http://www.wikidata.org/entity/Q379956,77.0
ludwig_wittgenstein,Ludwig Wittgenstein,1889.0,1951.0,"Viena, Austria",Austria,Western Europe,Long 19th Century,http://www.wikidata.org/entity/Q9391,62.0
giovanni_morelli,Giovanni Morelli,1816.0,1891.0,"Verona, Italia",Italy,Western Europe,Revolutionary Era,http://www.wikidata.org/entity/Q923703,75.0
botticelli,Sandro Botticelli,1445.0,1510.0,"Florencia, Italia",Italy,Western Europe,Renaissance,http://www.wikidata.org/entity/Q5669,65.0
nicolas_olivari,Nicolás Olivari,1900.0,1966.0,"Buenos Aires, Argentina",Argentina,Latin America,Long 19th Century,http://www.wikidata.org/entity/Q6042411,66.0
edgar_wind,Edgar Wind,1900.0,1971.0,"Berlín, Alemania",Germany,Western Europe,Long 19th Century,http://www.wikidata.org/entity/Q72294,71.0
miguel_angel,Miguel Ángel Buonarroti,1475.0,1564.0,"Caprese, Italia",Italy,Western Europe,Renaissance,http://www.wikidata.org/entity/Q5592,89.0
william_beckford,William Beckford,1760.0,1844.0,"Londres, Reino Unido",United Kingdom,Western Europe,Early Modern,http://www.wikidata.org/entity/Q361026,84.0
lucio_mansilla,Lucio V. Mansilla,1831.0,1913.0,"Buenos Aires, Argentina",Argentina,Latin America,Revolutionary Era,http://www.wikidata.org/entity/Q9024744,82.0
andre_breton,André Breton,1896.0,1966.0,"Tinchebray, Francia",France,Western Europe,Long 19th Century,http://www.wikidata.org/entity/Q161955,70.0
david_hume,David Hume,1711.0,1776.0,"Edimburgo, Escocia","Edimburgo, Escocia",Other/Unknown,Early Modern,http://www.wikidata.org/entity/Q37160,65.0
carlos_correas,Carlos Correas,1931.0,2000.0,"Buenos Aires, Argentina",Argentina,Latin America,World Wars Era,http://www.wikidata.org/entity/Q5750084,69.0
hans_christian_andersen,Hans Christian Andersen,1805.0,1875.0,"Odense, Dinamarca",Denmark,Scandinavia,Revolutionary Era,http://www.wikidata.org/entity/Q5673,70.0
hugo_von_hofmannsthal,Hugo von Hofmannsthal,1874.0,1929.0,"Viena, Imperio Austrohúngaro","Viena, Imperio Austrohúngaro",Other/Unknown,Long 19th Century,http://www.wikidata.org/entity/Q51513,55.0
teocrito,Teócrito,-310.0,-260.0,"Siracusa, Magna Grecia",United States,North America,Classical Antiquity,http://www.wikidata.org/entity/Q219484,50.0
torquato_tasso,Torquato Tasso,1544.0,1595.0,"Sorrento, Italia",Italy,Western Europe,Renaissance,http://www.wikidata.org/entity/Q168962,51.0
antonio_gramsci,Antonio Gramsci,1891.0,1937.0,"Ales, Italia",Italy,Western Europe,Long 19th Century,http://www.wikidata.org/entity/Q83003,46.0
michael_riffaterre,Michael Riffaterre,1924.0,2006.0,"Bourganeuf, Francia",France,Western Europe,World Wars Era,http://www.wikidata.org/entity/Q886469,82.0
carlo_ginzburg,Carlo Ginzburg,1939.0,,"Turín, Italia",Italy,Western Europe,World Wars Era,http://www.wikidata.org/entity/Q355251,
perugino,Pietro Vannucci,1448.0,1523.0,"Città della Pieve, Italia",Italy,Western Europe,Renaissance,http://www.wikidata.org/entity/Q5827,75.0
lisa_block,Lisa Block de Behar,1937.0,,"Montevideo, Uruguay",Uruguay,Latin America,World Wars Era,http://www.wikidata.org/entity/Q1726813,
cosme_tura,Cosimo Tura,1430.0,1495.0,"Ferrara, Italia",Italy,Western Europe,Renaissance,http://www.wikidata.org/entity/Q7129,65.0
wilhelm_dilthey,Wilhelm Dilthey,1833.0,1911.0,"Biebrich, Alemania",Germany,Western Europe,Revolutionary Era,http://www.wikidata.org/entity/Q60080,78.0
benedetto_croce,Benedetto Croce,1866.0,1952.0,"Pescasseroli, Italia",Italy,Western Europe,Long 19th Century,http://www.wikidata.org/entity/Q192348,86.0
robert_louis_stevenson,Robert Louis Stevenson,1850.0,1894.0,"Edimburgo, Escocia","Edimburgo, Escocia",Other/Unknown,Long 19th Century,http://www.wikidata.org/entity/Q1512,44.0
jacques_benigne_bossuet,Jacques-Bénigne Bossuet,1627.0,1704.0,"Dijon, Francia",France,Western Europe,Early Modern,http://www.wikidata.org/entity/Q294100,77.0
jacques_rigaut,Jacques Rigaut,1898.0,1929.0,"París, Francia",France,Western Europe,Long 19th Century,http://www.wikidata.org/entity/Q1678090,31.0
pierre_loti,Julien Viaud,1850.0,1923.0,"Rochefort, Francia",France,Western Europe,Long 19th Century,http://www.wikidata.org/entity/Q311854,73.0
paul_nizan,Paul Nizan,1905.0,1940.0,"Tours, Francia",France,Western Europe,Long 19th Century,http://www.wikidata.org/entity/Q723621,35.0
fenimore_cooper,James Fenimore Cooper,1789.0,1851.0,"Burlington, Estados Unidos",United States,North America,Revolutionary Era,http://www.wikidata.org/entity/Q167856,62.0
marcel_schwob,Marcel Schwob,1867.0,1905.0,"Chaville, Francia",France,Western Europe,Long 19th Century,http://www.wikidata.org/entity/Q472697,38.0
jean_genet,Jean Genet,1910.0,1986.0,"París, Francia",France,Western Europe,Long 19th Century,http://www.wikidata.org/entity/Q184622,76.0
george_berkeley,George Berkeley,1685.0,1753.0,"Kilkenny, Irlanda",Ireland,Western Europe,Early Modern,http://www.wikidata.org/entity/Q82049,68.0
georg_lichtenberg,Georg Christoph Lichtenberg,1742.0,1799.0,"Ober-Ramstadt, Alemania",Germany,Western Europe,Early Modern,http://www.wikidata.org/entity/Q57554,57.0
aldous_huxley,Aldous Huxley,1894.0,1963.0,"Godalming, Reino Unido",United Kingdom,Western Europe,Long 19th Century,http://www.wikidata.org/entity/Q81447,69.0
kemp_smith,Norman Kemp Smith,1872.0,1958.0,"Dundee, Escocia","Dundee, Escocia",Other/Unknown,Long 19th Century,http://www.wikidata.org/entity/Q3394805,86.0
bartolome_mitre,Bartolomé Mitre,1821.0,1906.0,"Buenos Aires, Argentina",Argentina,Latin America,Revolutionary Era,http://www.wikidata.org/entity/Q314362,85.0
tomas_de_aquino,Tomás de Aquino,1225.0,1274.0,"Roccasecca, Italia",Italy,Western Europe,Medieval,http://www.wikidata.org/entity/Q9438,49.0
carlos_astrada,Carlos Astrada,1894.0,1970.0,"Córdoba, Argentina",Argentina,Latin America,Long 19th Century,http://www.wikidata.org/entity/Q2939300,76.0
arthur_schopenhauer,Arthur Schopenhauer,1788.0,1860.0,"Danzig, Polonia",Poland,Eastern Europe,Early Modern,http://www.wikidata.org/entity/Q38193,72.0
hg_wells,Herbert George Wells,1866.0,1946.0,"Bromley, Reino Unido",United Kingdom,Western Europe,Long 19th Century,http://www.wikidata.org/entity/Q42511,80.0
tchuang_tzu,Zhou Zhuang,-369.0,-286.0,"Meng, China",China,Asia,Classical Antiquity,http://www.wikidata.org/entity/Q47739,83.0
patricio_de_azcarate,Patricio de Azcárate,1800.0,1886.0,"León, España",Spain,Western Europe,Revolutionary Era,http://www.wikidata.org/entity/Q6066817,86.0
juan_bautista_ritvo,Juan Bautista Ritvo,1940.0,,"Santa Fe, Argentina",Argentina,Latin America,World Wars Era,,
johann_winckelmann,Johann Joachim Winckelmann,1717.0,1768.0,"Stendal, Alemania",Germany,Western Europe,Early Modern,http://www.wikidata.org/entity/Q57280,51.0
euclides,Euclides,-325.0,-265.0,Desconocido,Desconocido,Other/Unknown,Classical Antiquity,http://www.wikidata.org/entity/Q8747,60.0
rodolfo_fogwill,Rodolfo Fogwill,1941.0,2010.0,"Buenos Aires, Argentina",Argentina,Latin America,World Wars Era,http://www.wikidata.org/entity/Q763107,69.0
marques_sade,Donatien Alphonse François de Sade,1740.0,1814.0,"París, Francia",France,Western Europe,Early Modern,http://www.wikidata.org/entity/Q123867,74.0
varo,Alfeno Varo,-100.0,-30.0,"Cremona, Italia",Italy,Western Europe,Hellenistic/Roman,http://www.wikidata.org/entity/Q1241376,70.0
lou_andreas_salome,Lou Andreas-Salomé,1861.0,1937.0,"San Petersburgo, Rusia",Russia,Eastern Europe,Long 19th Century,http://www.wikidata.org/entity/Q38873,76.0
edmund_spenser,Edmund Spenser,1552.0,1599.0,"Londres, Reino Unido",United Kingdom,Western Europe,Renaissance,http://www.wikidata.org/entity/Q4352055,47.0
juan_carlos_ongania,Juan Carlos Onganía,1914.0,1995.0,"Marcos Paz, Argentina",Argentina,Latin America,World Wars Era,http://www.wikidata.org/entity/Q365326,81.0
algirdas_greimas,Algirdas Julien Greimas,1917.0,1992.0,"Tula, Rusia",Russia,Eastern Europe,World Wars Era,http://www.wikidata.org/entity/Q313379,75.0
cleanth_brooks,Cleanth Brooks,1906.0,1994.0,"Murray, Kentucky, EE. UU.","Murray, Kentucky, EE. UU.",Other/Unknown,Long 19th Century,http://www.wikidata.org/entity/Q2915226,88.0
robert_penn_warren,Robert Penn Warren,1905.0,1989.0,"Guthrie, Kentucky, EE. UU.","Guthrie, Kentucky, EE. UU.",Other/Unknown,Long 19th Century,http://www.wikidata.org/entity/Q312720,84.0
juan_jose_hernandez,Juan José Hernández,1931.0,2007.0,"San Miguel de Tucumán, Argentina",Argentina,Latin America,World Wars Era,http://www.wikidata.org/entity/Q16584803,76.0
mario_praz,Mario Praz,1896.0,1982.0,"Roma, Italia",Italy,Western Europe,Long 19th Century,http://www.wikidata.org/entity/Q981971,86.0
bettina_edelberg,Bettina Edelberg,1921.0,2010.0,"Buenos Aires, Argentina",Argentina,Latin America,World Wars Era,,89.0
jorge_panesi,Jorge Panesi,1945.0,,"La Plata, Buenos Aires, Argentina",Argentina,Latin America,Contemporary,http://www.wikidata.org/entity/Q93427281,
lewis_carroll,Lewis Carroll,1832.0,1898.0,"Daresbury, Cheshire, Reino Unido",United Kingdom,Western Europe,Revolutionary Era,http://www.wikidata.org/entity/Q38082,66.0
manuel_galvez,Manuel Gálvez,1882.0,1962.0,"Santa Fe, Argentina",Argentina,Latin America,Long 19th Century,http://www.wikidata.org/entity/Q263683,80.0
mario_vargas_llosa,Mario Vargas Llosa,1936.0,,"Arequipa, Perú",Peru,Latin America,World Wars Era,http://www.wikidata.org/entity/Q39803,
ernst_junger,Ernst Jünger,1895.0,1998.0,"Heidelberg, Alemania",Germany,Western Europe,Long 19th Century,http://www.wikidata.org/entity/Q76727,103.0
john_keats,John Keats,1795.0,1821.0,"Londres, Inglaterra",United Kingdom,Western Europe,Revolutionary Era,http://www.wikidata.org/entity/Q82083,26.0
nikolai_gogol,Nikolai Gogol,1809.0,1852.0,"Sorochyntsi, Ucrania","Sorochyntsi, Ucrania",Other/Unknown,Revolutionary Era,http://www.wikidata.org/entity/Q43718,43.0
josefina_ludmer,Josefina Ludmer,1939.0,2016.0,"San Francisco, Córdoba, Argentina",Argentina,Latin America,World Wars Era,http://www.wikidata.org/entity/Q5936649,77.0
angel_rama,Ángel Rama,1926.0,1983.0,"Montevideo, Uruguay",Uruguay,Latin America,World Wars Era,http://www.wikidata.org/entity/Q211989,57.0
pierre_chaunu,Pierre Chaunu,1923.0,2009.0,"Belleville-sur-Meuse, Francia",France,Western Europe,World Wars Era,http://www.wikidata.org/entity/Q1333590,86.0
jean_yves_calvez,Jean-Yves Calvez,1927.0,2010.0,"Saint-Brieuc, Francia",France,Western Europe,World Wars Era,http://www.wikidata.org/entity/Q952831,83.0
jacques_derrida,Jacques Derrida,1930.0,2004.0,"El Biar, Argelia","El Biar, Argelia",Other/Unknown,World Wars Era,http://www.wikidata.org/entity/Q130631,74.0
julia_kristeva,Julia Kristeva,1941.0,,"Sliven, Bulgaria","Sliven, Bulgaria",Other/Unknown,World Wars Era,http://www.wikidata.org/entity/Q159876,
federico_sainz_de_robles,Federico Carlos Sainz de Robles,1898.0,1982.0,"Madrid, España",Spain,Western Europe,Long 19th Century,http://www.wikidata.org/entity/Q5857542,84.0
arturo_jauretche,Arturo Jauretche,1901.0,1974.0,"Lincoln, Argentina",Argentina,Latin America,Long 19th Century,http://www.wikidata.org/entity/Q715315,73.0
luis_franco,Luis Franco,1898.0,1988.0,"Belén, Argentina",Argentina,Latin America,Long 19th Century,http://www.wikidata.org/entity/Q1876417,90.0
leonardo_castellani,Leonardo Castellani,1899.0,1981.0,"Reconquista, Argentina",Argentina,Latin America,Long 19th Century,http://www.wikidata.org/entity/Q6525945,82.0
ignacio_anzoategui,Ignacio Anzoátegui,1905.0,1978.0,"Buenos Aires, Argentina",Argentina,Latin America,Long 19th Century,http://www.wikidata.org/entity/Q5913117,73.0
juan_jose_hernandez_arregui,Juan José Hernández Arregui,1913.0,1974.0,"Pergamino, Argentina",Argentina,Latin America,Long 19th Century,http://www.wikidata.org/entity/Q5950307,61.0
abelardo_ramos,Jorge Abelardo Ramos,1921.0,1994.0,"Buenos Aires, Argentina",Argentina,Latin America,World Wars Era,http://www.wikidata.org/entity/Q4389800,73.0
milciades_penia,Milcíades Peña,1933.0,1965.0,"La Plata, Argentina",Argentina,Latin America,World Wars Era,http://www.wikidata.org/entity/Q5940444,32.0
marcelo_di_marco,Marcelo Di Marco,1957.0,,"Buenos Aires, Argentina",Argentina,Latin America,Contemporary,http://www.wikidata.org/entity/Q5996001,
juan_de_timoneda,Juan de Timoneda,1490.0,1583.0,"Valencia, España",Spain,Western Europe,Renaissance,http://www.wikidata.org/entity/Q2331470,93.0
brian_boru,Brian Boru,941.0,1014.0,"Killaloe, Irlanda",Ireland,Western Europe,Medieval,http://www.wikidata.org/entity/Q272498,73.0
vicente_garcia_huidobro,Vicente García-Huidobro,1893.0,1948.0,"Santiago, Chile",Chile,Latin America,Long 19th Century,http://www.wikidata.org/entity/Q117018,55.0
heinrich_wolfflin,Heinrich Wölfflin,1864.0,1945.0,"Winterthur, Suiza",Switzerland,Western Europe,Long 19th Century,http://www.wikidata.org/entity/Q123466,81.0
adolfo_de_obieta,Adolfo de Obieta,1912.0,2002.0,"Buenos Aires, Argentina",Argentina,Latin America,Long 19th Century,http://www.wikidata.org/entity/Q59631478,90.0
lucien_goldmann,Lucien Goldmann,1913.0,1970.0,"Bucarest, Rumania","Bucarest, Rumania",Other/Unknown,Long 19th Century,http://www.wikidata.org/entity/Q513448,57.0
pierre_bourdieu,Pierre Bourdieu,1930.0,2002.0,"Denguin, Francia",France,Western Europe,World Wars Era,http://www.wikidata.org/entity/Q156268,72.0
gyorgy_lukacs,György Lukács,1885.0,1971.0,"Budapest, Hungría",Hungary,Eastern Europe,Long 19th Century,http://www.wikidata.org/entity/Q151523,86.0
theodor_adorno,Theodor Adorno,1903.0,1969.0,"Frankfurt am Main, Alemania",Germany,Western Europe,Long 19th Century,http://www.wikidata.org/entity/Q152388,66.0
friedrich_schelling,Friedrich Wilhelm Joseph Schelling,1775.0,1854.0,"Leonberg, Alemania",Germany,Western Europe,Early Modern,http://www.wikidata.org/entity/Q60070,79.0
carl_von_clausewitz,Carl von Clausewitz,1780.0,1831.0,"Burg bei Magdeburg, Alemania",Germany,Western Europe,Early Modern,http://www.wikidata.org/entity/Q76430,51.0
aleksandr_pushkin,Aleksandr Pushkin,1799.0,1837.0,"Moscú, Rusia",Russia,Eastern Europe,Revolutionary Era,http://www.wikidata.org/entity/Q7200,38.0
edgardo_russo,Edgardo Russo,1949.0,2015.0,"Santa Fe, Argentina",Argentina,Latin America,Contemporary,http://www.wikidata.org/entity/Q81621196,66.0
mario_romero,Mario Romero,1943.0,1998.0,"San Miguel de Tucumán, Argentina",Argentina,Latin America,World Wars Era,http://www.wikidata.org/entity/Q6764934,55.0
malcolm_lowry,Malcolm Lowry,1909.0,1957.0,"New Brighton, Reino Unido",United Kingdom,Western Europe,Long 19th Century,http://www.wikidata.org/entity/Q357120,48.0
percy_shelley,Percy Bysshe Shelley,1792.0,1822.0,"Horsham, Reino Unido",United Kingdom,Western Europe,Revolutionary Era,http://www.wikidata.org/entity/Q93343,30.0
rita_hayworth,Rita Hayworth,1918.0,1987.0,"Brooklyn, Estados Unidos",United States,North America,World Wars Era,http://www.wikidata.org/entity/Q42745,69.0
tyrone_power,Tyrone Power,1914.0,1958.0,"Cincinnati, Estados Unidos",United States,North America,World Wars Era,http://www.wikidata.org/entity/Q309989,44.0
max_weber,Max Weber,1864.0,1920.0,"Erfurt, Alemania",Germany,Western Europe,Long 19th Century,http://www.wikidata.org/entity/Q9387,56.0
nicos_poulantzas,Nicos Poulantzas,1936.0,1979.0,"Atenas, Grecia",Greece,Southern Europe / Classical,World Wars Era,http://www.wikidata.org/entity/Q505296,43.0
abelardo_castillo,Abelardo Castillo,1935.0,2017.0,"Buenos Aires, Argentina",Argentina,Latin America,World Wars Era,http://www.wikidata.org/entity/Q318525,82.0
oswald_spengler,Oswald Spengler,1880.0,1936.0,"Blankenburg, Alemania",Germany,Western Europe,Long 19th Century,http://www.wikidata.org/entity/Q57112,56.0
jaime_rest,Jaime Rest,1927.0,1979.0,"Buenos Aires, Argentina",Argentina,Latin America,World Wars Era,http://www.wikidata.org/entity/Q6123891,52.0
walter_gieseking,Walter Gieseking,1895.0,1956.0,"Lyon, Francia",France,Western Europe,Long 19th Century,http://www.wikidata.org/entity/Q61028,61.0
raymond_aron,Raymond Aron,1905.0,1983.0,"París, Francia",France,Western Europe,Long 19th Century,http://www.wikidata.org/entity/Q160640,78.0
juan_filiberto,Juan de Dios Filiberto,1885.0,1964.0,"Buenos Aires, Argentina",Argentina,Latin America,Long 19th Century,http://www.wikidata.org/entity/Q2467902,79.0
evaristo_carriego,Evaristo Carriego,1883.0,1912.0,"Paraná, Entre Ríos, Argentina",Argentina,Latin America,Long 19th Century,http://www.wikidata.org/entity/Q188798,29.0
paul_schreber,Daniel Paul Schreber,1842.0,1911.0,"Leipzig, Alemania",Germany,Western Europe,Revolutionary Era,http://www.wikidata.org/entity/Q62468,69.0
santiago_bullrich,Santiago Bullrich,,,,,Other/Unknown,Unknown,,
raul_zoppi,Raul Zoppi,,,,,Other/Unknown,Unknown,,
diana_bilmezis,Diana Bilmezis,,,,,Other/Unknown,Unknown,,
julian_casal,Julián Casal,,,,,Other/Unknown,Unknown,,
